LVal18AFC,PDate,GDate,NumberTrade,VolumeTrade,Value,ClosePrice,LastPrice,PriceMin,PriceMax,PriceFirst,PriceYesterday
فارس,13951012,20170101,27,131523,591710693,4593,4520,4483,4560,4505,4599
فارس,13951011,20161231,69,374058,1740885228,4599,4520,4471,4695,4658,4588
فارس,13951008,20161228,883,24662155,1.13159E+11,4588,4680,4390,4680,4580,4600
فارس,13951007,20161227,46,178936,814788170,4600,4564,4522,4565,4522,4604
فارس,13951006,20161226,98,848289,3913284657,4604,4511,4501,4699,4679,4598
فارس,13951005,20161225,29,112232,511286184,4598,4510,4510,4597,4578,4600
فارس,13951004,20161224,65,289624,1318055006,4600,4600,4539,4600,4549,4608
فارس,13951001,20161221,47,283935,1301875707,4608,4512,4501,4614,4578,4611
فارس,13950930,20161220,30,143181,644768016,4611,4502,4466,4582,4466,4619
فارس,13950929,20161219,52,148411,675333912,4619,4560,4510,4590,4510,4624
فارس,13950928,20161218,34,70099,319281374,4624,4551,4534,4600,4537,4626
فارس,13950924,20161214,72,284879,1308871623,4626,4616,4570,4616,4600,4631
فارس,13950923,20161213,65,433990,2020932670,4631,4660,4556,4680,4585,4624
فارس,13950922,20161212,95,1021001,4762272446,4624,4585,4571,4691,4600,4589
فارس,13950921,20161211,56,360129,1646943528,4589,4600,4521,4600,4521,4592
فارس,13950920,20161210,159,2201737,10109278526,4592,4595,4510,4699,4690,4600
فارس,13950917,20161207,128,813897,3801618916,4600,4600,4588,4700,4700,4557
فارس,13950916,20161206,57,261781,1205826939,4557,4546,4520,4629,4520,4550
فارس,13950915,20161205,305,6145775,27964952389,4550,4608,4530,4608,4600,4646
فارس,13950914,20161204,61,266701,1214369292,4646,4550,4539,4648,4540,4659
فارس,13950913,20161203,349,4571561,21297329452,4659,4550,4521,4700,4700,4657
فارس,13950909,20161129,672,15403461,71735587563,4657,4667,4500,4667,4560,4445
فارس,13950907,20161127,323,3996450,17766076950,4445,4515,4390,4595,4419,4397
فارس,13950906,20161126,173,5521578,24276496715,4397,4400,4305,4409,4409,4369
فارس,13950903,20161123,93,342771,1487422758,4369,4300,4300,4375,4375,4375
فارس,13950902,20161122,126,609552,2643970430,4375,4321,4300,4370,4365,4389
فارس,13950901,20161121,213,3080825,13520618932,4389,4380,4360,4475,4389,4389
فارس,13950829,20161119,302,3465793,15212078584,4389,4331,4331,4491,4491,4528
فارس,13950826,20161116,55,205781,922057145,4528,4490,4446,4500,4500,4533
فارس,13950825,20161115,94,349910,1569499060,4533,4479,4420,4538,4538,4542
فارس,13950824,20161114,88,223845,1003985320,4542,4504,4431,4539,4539,4549
فارس,13950823,20161113,252,931425,4133819882,4549,4430,4415,4590,4590,4635
فارس,13950822,20161112,221,1967931,9110435212,4635,4501,4497,4720,4720,4699
فارس,13950819,20161109,110,650175,3007456100,4699,4590,4530,4733,4614,4733
فارس,13950818,20161108,59,77859,360550125,4733,4625,4613,4730,4730,4737
فارس,13950817,20161107,187,1089763,5098333477,4737,4565,4565,4790,4784,4804
فارس,13950816,20161106,100,358592,1682977774,4804,4660,4626,4826,4765,4827
فارس,13950815,20161105,174,585925,2752880080,4827,4685,4683,4877,4877,4879
فارس,13950812,20161102,112,482209,2310955153,4879,4799,4780,4893,4783,4906
فارس,13950811,20161101,97,343101,1638939320,4906,4790,4734,4802,4802,4932
فارس,13950810,20161031,120,374778,1812818317,4932,4888,4795,5000,5000,4953
فارس,13950809,20161030,91,498309,2455274627,4953,4895,4895,5039,4950,4962
فارس,13950808,20161029,157,1676547,8339679570,4962,4950,4800,5080,4800,4905
فارس,13950805,20161026,92,203712,991464970,4905,4880,4850,4960,4900,4909
فارس,13950804,20161025,110,203381,996261925,4909,4900,4880,4918,4900,4910
فارس,13950803,20161024,111,700385,3438568796,4910,5000,4881,5000,4900,4866
فارس,13950802,20161023,0,0,0,4866,5110,0,0,0,4866
فارس,13950801,20161022,0,0,0,5166,5110,0,0,0,5166
فارس,13950728,20161019,0,0,0,5166,5110,0,0,0,5166
فارس,13950727,20161018,0,0,0,5166,5110,0,0,0,5166
فارس,13950726,20161017,111,199029,1014661029,5166,5110,5011,5149,5140,5174
فارس,13950725,20161016,44,74660,383572596,5174,5085,5085,5160,5160,5175
فارس,13950724,20161015,139,2904970,15032549222,5175,5165,5070,5177,5140,5166
فارس,13950721,20161012,0,0,0,5166,5168,0,0,0,5166
فارس,13950719,20161010,95,978756,5061919063,5166,5168,5106,5180,5175,5160
فارس,13950718,20161009,93,863321,4464824953,5160,5169,5110,5180,5148,5150
فارس,13950717,20161008,81,716185,3671369686,5150,5150,5050,5180,5099,5164
فارس,13950714,20161005,36,166967,843404652,5164,5035,5033,5071,5071,5175
فارس,13950713,20161004,204,3591476,18584217788,5175,4962,4908,5194,5001,5151
فارس,13950712,20161003,38,177025,894107160,5151,5040,5040,5100,5100,5161
فارس,13950711,20161002,38,235552,1191670785,5161,5080,5049,5115,5100,5175
فارس,13950710,20161001,15,34387,174807509,5175,5072,5051,5125,5052,5177
فارس,13950707,20160928,50,146119,741330596,5177,5100,5062,5180,5180,5185
فارس,13950706,20160927,192,4053646,21018732216,5185,5129,5032,5194,5099,5134
فارس,13950705,20160926,225,4591340,23571595206,5134,5070,5002,5147,5078,5078
فارس,13950704,20160925,422,7576265,38473104988,5078,5099,4980,5099,4980,4982
فارس,13950703,20160924,197,4452309,22180203474,4982,5005,4817,5005,4817,4930
فارس,13950631,20160921,363,7020284,34608191215,4930,4939,4813,5000,4850,4895
فارس,13950629,20160919,199,3879287,18989997974,4895,4850,4800,4919,4870,4865
فارس,13950628,20160918,47,10293567,50077997940,4865,4900,4790,4900,4850,4863
فارس,13950627,20160917,279,3966723,19291725604,4863,4900,4702,4900,4705,4870
فارس,13950624,20160914,42,175981,843908906,4870,4703,4700,4877,4875,4877
فارس,13950623,20160913,158,2118843,10333853193,4877,4900,4700,4900,4714,4883
فارس,13950620,20160910,36,284234,1378348868,4896,4803,4800,4895,4803,4903
فارس,13950617,20160907,74,6812610,33399608446,4903,4894,4750,4907,4800,4907
فارس,13950616,20160906,174,2764633,13565280590,4907,4810,4800,4933,4880,4943
فارس,13950615,20160905,13,62876,306334085,4943,4870,4865,4905,4865,4945
فارس,13950614,20160904,51,196342,960207311,4945,4877,4875,4900,4900,4951
فارس,13950613,20160903,176,3522198,17440023035,4951,4980,4759,4980,4882,4955
فارس,13950610,20160831,55,135581,651124552,4955,4718,4718,4950,4950,4966
فارس,13950609,20160830,82,12942696,64267804833,4966,4964,4890,4969,4950,4969
فارس,13950608,20160829,75,402486,1982181346,4969,4900,4900,4950,4950,4980
فارس,13950607,20160828,110,594666,2912486453,4980,4835,4835,4997,4950,5016
فارس,13950606,20160827,147,725779,3597016859,5016,4889,4821,5030,4821,5051
فارس,13950603,20160824,441,8201796,41424850030,5051,4900,4900,5136,4980,4956
فارس,13950602,20160823,79,914430,4533959717,4956,4985,4930,4987,4950,4954
فارس,13950601,20160822,52,655501,3251925642,4954,4930,4929,4990,4950,4950
فارس,13950531,20160821,177,1808421,8954633127,4950,4944,4900,4988,4988,4937
فارس,13950530,20160820,150,2222530,10971659084,4937,4898,4898,4999,4920,4883
فارس,13950527,20160817,61,825469,4037839420,4883,4900,4850,4911,4877,4877
فارس,13950526,20160816,123,1315010,6425533673,4877,4900,4761,4900,4761,4860
فارس,13950525,20160815,52,467862,2236738561,4860,4779,4771,4850,4850,4883
فارس,13950524,20160814,38,52330,251417799,4883,4832,4752,4847,4752,4885
فارس,13950523,20160813,64,231632,1104361276,4885,4790,4750,4895,4800,4900
فارس,13950520,20160810,83,237744,1135451190,4900,4800,4672,4899,4881,4917
فارس,13950519,20160809,27,65797,320566993,4917,4841,4828,4900,4828,4919
فارس,13950518,20160808,81,723162,3551140253,4919,4832,4825,4923,4900,4923
فارس,13950517,20160807,64,4228429,20817402725,4923,4900,4873,4924,4873,4924
فارس,13950516,20160806,121,5221391,25711104522,4924,4938,4860,4938,4900,4926
فارس,13950513,20160803,56,4641592,22865288793,4926,4866,4866,4927,4910,4927
فارس,13950512,20160802,58,135382,657778236,4927,4915,4828,4930,4889,4932
فارس,13950511,20160801,62,195694,959255786,4932,4893,4891,4929,4900,4935
فارس,13950510,20160731,73,235970,1153571389,4935,4872,4850,4920,4862,4941
فارس,13950506,20160727,92,1287326,6359027372,4941,4870,4821,4944,4889,4944
فارس,13950505,20160726,108,1333957,6610563347,4944,4800,4800,4978,4871,4920
فارس,13950504,20160725,78,297862,1444716161,4920,4900,4782,4932,4850,4932
فارس,13950503,20160724,128,524282,2525182708,4932,4806,4800,4890,4871,4973
فارس,13950502,20160723,129,604179,2946708971,4973,4861,4820,4909,4824,5014
فارس,13950430,20160720,52,118717,579647936,5014,4850,4850,4900,4899,5022
فارس,13950429,20160719,76,324431,1584760154,5022,4850,4850,4910,4910,5049
فارس,13950428,20160718,42,89569,439143200,5049,4900,4892,4924,4924,5056
فارس,13950427,20160717,70,165012,811696129,5056,4920,4900,4925,4900,5068
فارس,13950426,20160716,50,131422,646419389,5068,4915,4900,4950,4900,5079
فارس,13950423,20160713,46,82383,408914027,5079,4950,4902,5001,5001,5084
فارس,13950422,20160712,290,4458652,22666410871,5084,5017,5014,5099,5099,5019
فارس,13950421,20160711,159,1708530,8568305203,5019,4975,4900,5041,4979,5050
فارس,13950420,20160710,215,3812420,19252202624,5050,4970,4820,5098,4970,5069
فارس,13950419,20160709,133,1093127,5495459476,5069,4980,4980,5050,5050,5123
فارس,13950415,20160705,142,2514263,12879370577,5123,4999,4977,5146,5000,5087
فارس,13950414,20160704,90,470977,2357727757,5087,5000,4955,5080,5002,5113
فارس,13950413,20160703,45,148607,744028683,5113,5000,4990,5051,5021,5122
فارس,13950412,20160702,29,34826,174994373,5122,5100,5015,5100,5090,5124
فارس,13950409,20160629,38,111574,563508810,5124,5100,5040,5100,5040,5128
فارس,13950408,20160628,81,657770,3360224884,5128,5121,5050,5129,5100,5138
فارس,13950406,20160626,58,296365,1508512522,5138,5100,5000,5101,5002,5147
فارس,13950405,20160625,29,3169808,16316431688,5147,5114,5060,5148,5130,5145
فارس,13950402,20160622,53,141344,721337928,5145,5120,5001,5146,5001,5148
فارس,13950401,20160621,64,115793,586457252,5148,5100,4933,5139,5139,5153
فارس,13950331,20160620,75,273292,1384967968,5153,5120,5000,5120,5035,5167
فارس,13950330,20160619,87,390992,1997103548,5167,5075,5042,5179,5126,5182
فارس,13950329,20160618,63,239625,1219044109,5182,5064,5064,5150,5100,5196
فارس,13950326,20160615,71,380957,1932714472,5196,5147,5050,5180,5150,5227
فارس,13950325,20160614,82,442780,2270453185,5227,5150,5065,5150,5080,5258
فارس,13950324,20160613,88,496908,2533208517,5258,5090,5080,5180,5180,5315
فارس,13950323,20160612,132,6919562,36777648156,5315,5189,5050,5332,5050,5228
فارس,13950322,20160611,121,620170,3162778008,5228,5140,5060,5140,5140,5291
فارس,13950319,20160608,98,3592640,19009659043,5291,5160,5158,5299,5179,5299
فارس,13950318,20160607,29,50644,261697103,5299,5161,5155,5200,5200,5303
فارس,13950317,20160606,56,281855,1466334603,5303,5151,5150,5298,5169,5321
فارس,13950316,20160605,142,4135259,22002151397,5321,5162,5160,5348,5176,5344
فارس,13950312,20160601,59,88325,459299205,5344,5200,5180,5297,5250,5351
فارس,13950311,20160531,50,296360,1539680213,5351,5190,5186,5201,5200,5381
فارس,13950310,20160530,79,123664,644691036,5381,5229,5200,5252,5211,5393
فارس,13950309,20160529,69,238123,1247725015,5393,5231,5220,5350,5350,5415
فارس,13950308,20160528,103,2729699,14781199151,5415,5252,5200,5449,5304,5371
فارس,13950305,20160525,70,244233,1292983424,5371,5244,5171,5330,5171,5383
فارس,13950304,20160524,106,494574,2597165374,5383,5230,5202,5312,5300,5432
فارس,13950303,20160523,44,204097,1090815236,5432,5271,5271,5438,5371,5443
فارس,13950301,20160521,32,72215,386799187,5443,5334,5324,5399,5370,5447
فارس,13950229,20160518,83,497253,2673966767,5447,5371,5370,5400,5380,5473
فارس,13950228,20160517,37,80928,435935645,5473,5380,5330,5409,5330,5477
فارس,13950227,20160516,36,151573,814894723,5477,5380,5330,5418,5331,5486
فارس,13950226,20160515,73,399101,2155264103,5486,5380,5321,5500,5380,5510
فارس,13950225,20160514,81,194243,1042362596,5510,5380,5340,5400,5390,5527
فارس,13950222,20160511,98,283560,1530422842,5527,5379,5379,5410,5402,5552
فارس,13950221,20160510,68,313880,1696632863,5552,5404,5400,5420,5412,5583
فارس,13950220,20160509,83,147259,797001549,5583,5438,5406,5470,5470,5598
فارس,13950219,20160508,168,10438856,58431696125,5598,5440,5401,5615,5403,5543
فارس,13950218,20160507,111,501455,2722531315,5543,5402,5402,5498,5435,5587
فارس,13950215,20160504,57,224344,1223446313,5587,5477,5440,5490,5451,5606
فارس,13950214,20160503,76,288889,1576118178,5606,5450,5450,5546,5459,5635
فارس,13950213,20160502,63,207042,1137148843,5635,5483,5450,5599,5599,5654
فارس,13950212,20160501,107,6289763,35565203629,5654,5484,5440,5670,5446,5617
فارس,13950211,20160430,85,279406,1531237043,5617,5453,5452,5599,5466,5642
فارس,13950208,20160427,424,5899808,33285988996,5642,5699,5410,5700,5425,5583
فارس,13950207,20160426,106,2722715,15200831719,5583,5431,5410,5599,5420,5530
فارس,13950206,20160425,118,403827,2197656385,5530,5420,5415,5500,5420,5555
فارس,13950205,20160424,92,385183,2093931301,5555,5432,5413,5529,5529,5587
فارس,13950204,20160423,38,40367,223112226,5587,5460,5456,5594,5550,5588
فارس,13950201,20160420,99,397283,2181625979,5588,5499,5435,5599,5570,5615
فارس,13950131,20160419,85,265046,1453756656,5615,5488,5450,5607,5600,5638
فارس,13950130,20160418,100,426744,2387238560,5638,5585,5561,5640,5640,5651
فارس,13950129,20160417,195,641376,3612837257,5651,5620,5511,5689,5660,5661
فارس,13950128,20160416,167,7711851,43659607604,5661,5500,5410,5698,5423,5548
فارس,13950125,20160413,111,812941,4486367831,5548,5423,5417,5569,5455,5572
فارس,13950124,20160412,88,5251632,29264170016,5572,5520,5403,5597,5440,5523
فارس,13950123,20160411,167,678186,3687043756,5523,5403,5403,5500,5475,5576
فارس,13950122,20160410,99,351818,1929067390,5576,5451,5451,5525,5502,5599
فارس,13950121,20160409,246,6498749,36384139836,5599,5619,5470,5622,5551,5622
فارس,13950118,20160406,247,939842,5205439591,5622,5490,5490,5610,5610,5711
فارس,13950117,20160405,129,529702,2990980758,5711,5607,5606,5690,5651,5737
فارس,13950116,20160404,140,579376,3302641498,5737,5730,5611,5800,5800,5754
فارس,13950115,20160403,508,14816076,85252624090,5754,5690,5555,5885,5570,5610
فارس,13950114,20160402,300,2041398,11452081202,5610,5700,5480,5720,5483,5522
فارس,13950111,20160330,123,465316,2554937395,5522,5483,5468,5500,5470,5533
فارس,13950110,20160329,83,313387,1718354541,5533,5450,5410,5529,5435,5543
فارس,13950109,20160328,105,533228,2940972602,5543,5479,5453,5549,5480,5555
فارس,13950108,20160327,97,344213,1907375319,5555,5550,5485,5608,5500,5558
فارس,13950107,20160326,111,631326,3514395651,5558,5500,5420,5669,5496,5553
فارس,13941226,20160316,292,1232376,6774343731,5553,5495,5450,5690,5690,5697
فارس,13941225,20160315,227,1815451,10342515658,5697,5570,5500,5798,5751,5745
فارس,13941224,20160314,254,1142565,6523023003,5745,5654,5640,5838,5838,5816
فارس,13941222,20160312,197,3712547,21590764313,5816,5704,5704,5849,5750,5852
فارس,13941219,20160309,216,894814,5151235436,5852,5761,5720,5820,5720,5968
فارس,13941218,20160308,218,8846336,52798381042,5968,5810,5700,5999,5860,5994
فارس,13941217,20160307,118,892959,5266271067,5994,5870,5870,6000,5904,6111
فارس,13941216,20160306,163,36647640,2.23946E+11,6111,5892,5892,6118,6000,6118
فارس,13941215,20160305,244,2762818,16902184724,6118,6090,5996,6319,6183,6154
فارس,13941212,20160302,259,8536177,52535385781,6154,6160,5901,6200,5961,6154
فارس,13941211,20160301,208,1635554,10068788319,6154,5966,5922,6300,6189,6001
فارس,13941210,20160229,242,3479758,20881037202,6001,6200,5800,6200,5805,5952
فارس,13941209,20160228,142,3422626,20371722017,5952,5803,5800,5987,5906,5987
فارس,13941208,20160227,176,1167417,6972920189,5987,5850,5850,6098,5885,6019
فارس,13941205,20160224,200,2347381,14129159282,6019,6098,5853,6098,5853,5918
فارس,13941204,20160223,199,2106361,12465172412,5918,5970,5814,5970,5850,5897
فارس,13941203,20160222,95,13051593,76965321471,5897,5850,5812,5914,5855,5951
فارس,13941202,20160221,126,664310,3900755149,5951,5820,5803,5926,5926,6004
فارس,13941201,20160220,155,888559,5276147422,6004,5873,5862,6148,6148,6081
فارس,13941128,20160217,378,4972740,30241326136,6081,6045,5988,6170,6000,5961
فارس,13941127,20160216,343,5398479,32182103562,5961,5988,5870,5997,5975,5871
فارس,13941126,20160215,196,1663088,9762813333,5871,5837,5806,6000,6000,5993
فارس,13941125,20160214,144,2796016,16755662929,5993,5885,5800,6080,5800,5946
فارس,13941124,20160213,113,853162,5039075789,5946,5851,5831,5979,5857,5987
فارس,13941121,20160210,128,879402,5207818972,5987,5977,5860,6080,6080,6058
فارس,13941120,20160209,369,3668423,22223135474,6058,6020,5960,6100,6098,5912
فارس,13941119,20160208,268,1908529,11283320511,5912,6019,5702,6020,5799,5817
فارس,13941118,20160207,184,836884,4821585122,5817,5800,5700,5899,5896,5872
فارس,13941117,20160206,113,616173,3591698098,5872,5810,5782,5926,5800,5897
فارس,13941114,20160203,112,572748,3365833756,5897,5838,5823,5940,5940,5906
فارس,13941113,20160202,166,637332,3757376450,5906,5850,5820,6010,6010,5912
فارس,13941112,20160201,695,11021311,65154916006,5912,5825,5702,6028,5739,5742
فارس,13941111,20160131,146,1009508,5780628898,5742,5738,5570,5900,5700,5761
فارس,13941110,20160130,437,5552184,31983539084,5761,5660,5534,5807,5666,5531
فارس,13941107,20160127,345,2044403,11307204445,5531,5521,5480,5600,5500,5398
فارس,13941106,20160126,445,6650594,35897196698,5398,5449,5270,5496,5276,5235
فارس,13941105,20160125,153,998619,5225434351,5235,5200,5131,5260,5131,5237
فارس,13941104,20160124,105,367266,1902589547,5237,5163,5120,5249,5200,5250
فارس,13941103,20160123,95,302047,1551381765,5250,5149,5120,5199,5180,5272
فارس,13941030,20160120,41,78122,405276951,5272,5172,5170,5276,5276,5276
فارس,13941029,20160119,66,202326,1061207782,5276,5169,5164,5280,5280,5280
فارس,13941028,20160118,157,1910362,10088242497,5280,5305,5105,5350,5182,5202
فارس,13941027,20160117,139,666354,3466760132,5202,5162,5161,5315,5315,5202
فارس,13941026,20160116,455,4713634,24518728120,5202,5300,5100,5309,5299,5212
فارس,13941023,20160113,184,2153360,11222540415,5212,5126,5047,5286,5048,5111
فارس,13941022,20160112,153,1088589,5520972658,5111,5040,5040,5165,5150,5165
فارس,13941021,20160111,44,117796,607151662,5165,5160,5100,5166,5100,5166
فارس,13941020,20160110,53,168739,855402471,5166,5194,5044,5194,5101,5176
فارس,13941019,20160109,176,1314088,6741353731,5176,5100,5065,5312,5312,5281
فارس,13941016,20160106,261,4417712,23327988108,5281,5281,5121,5310,5121,5272
فارس,13941015,20160105,24,43959,228070144,5272,5150,5111,5215,5111,5274
فارس,13941014,20160104,16,164331,853573150,5274,5170,5106,5200,5150,5282
فارس,13941013,20160103,16,7257,37657648,5282,5151,5090,5240,5240,5282
فارس,13941012,20160102,37,166618,868231665,5282,5110,5092,5250,5151,5289
فارس,13941009,20151230,22,38373,197770859,5289,5129,5087,5190,5087,5292
فارس,13941007,20151228,19,17653,90449360,5292,5120,5120,5170,5120,5294
فارس,13941006,20151227,27,83688,427379867,5294,5121,5066,5185,5066,5303
فارس,13941005,20151226,15,13878,71752418,5303,5150,5150,5199,5178,5304
فارس,13941002,20151223,27,103507,536567846,5304,5181,5176,5210,5180,5311
فارس,13941001,20151222,19,49337,255621969,5311,5179,5175,5200,5200,5315
فارس,13940930,20151221,28,40161,208273969,5315,5184,5171,5250,5171,5318
فارس,13940929,20151220,13,83121,431709098,5318,5193,5193,5249,5249,5324
فارس,13940928,20151219,19,57662,302106576,5324,5262,5210,5262,5210,5327
فارس,13940925,20151216,48,150456,787026070,5327,5210,5200,5298,5298,5335
فارس,13940924,20151215,13,24876,131655760,5335,5265,5265,5295,5290,5336
فارس,13940923,20151214,13,13830,72998615,5336,5290,5250,5300,5300,5336
فارس,13940922,20151213,24,44774,234725298,5336,5300,5226,5300,5235,5338
فارس,13940918,20151209,31,61239,324548165,5338,5258,5225,5309,5300,5339
فارس,13940917,20151208,28,29381,156015782,5339,5315,5220,5315,5314,5339
فارس,13940916,20151207,66,8449781,45114935030,5339,5353,5217,5353,5260,5324
فارس,13940915,20151206,24,59315,311726622,5324,5269,5240,5269,5240,5326
فارس,13940914,20151205,20,53069,280929400,5326,5260,5260,5300,5300,5327
فارس,13940910,20151201,123,1956218,10421138648,5327,5207,5170,5380,5200,5285
فارس,13940909,20151130,20,83152,430150098,5285,5200,5156,5286,5286,5290
فارس,13940908,20151129,53,2186051,11564517883,5290,5180,5119,5298,5191,5272
فارس,13940907,20151128,61,950205,5026947848,5272,5247,5200,5299,5299,5253
فارس,13940904,20151125,139,1725098,9063372399,5253,5400,5135,5400,5199,5243
فارس,13940903,20151124,54,3894661,20420602303,5243,5249,5110,5249,5200,5223
فارس,13940902,20151123,305,4287552,22394256613,5223,5200,5020,5245,5197,5207
فارس,13940901,20151122,79,901386,4693794878,5207,5199,5190,5237,5200,5074
فارس,13940830,20151121,0,0,0,10235,10450,0,0,0,10235
فارس,13940827,20151118,0,0,0,10235,10450,0,0,0,10235
فارس,13940826,20151117,0,0,0,10235,10450,0,0,0,10235
فارس,13940825,20151116,0,0,0,10235,10450,0,0,0,10235
فارس,13940824,20151115,0,0,0,10235,10450,0,0,0,10235
فارس,13940823,20151114,0,0,0,10735,10450,0,0,0,10735
فارس,13940820,20151111,0,0,0,10735,10450,0,0,0,10735
فارس,13940819,20151110,0,0,0,10735,10450,0,0,0,10735
فارس,13940818,20151109,268,1940627,20831714678,10735,10450,10450,10869,10720,10760
فارس,13940817,20151108,35,79526,849451408,10760,10689,10551,10745,10551,10767
فارس,13940816,20151107,83,1059855,11411784171,10767,10769,10500,10797,10639,10658
فارس,13940813,20151104,84,174750,1826308599,10658,10495,10445,10590,10590,10706
فارس,13940812,20151103,53,135898,1422081394,10706,10450,10415,10590,10500,10748
فارس,13940811,20151102,48,107570,1129736954,10748,10498,10450,10763,10763,10780
فارس,13940810,20151101,200,1527686,16467878355,10780,10400,10400,10890,10450,10827
فارس,13940809,20151031,62,81391,865540602,10827,10502,10502,10800,10792,10846
فارس,13940806,20151028,77,424319,4615966568,10846,10800,10700,10920,10850,10819
فارس,13940805,20151027,0,0,0,10819,10522,0,0,0,10819
فارس,13940804,20151026,0,0,0,10819,10522,0,0,0,10819
فارس,13940803,20151025,0,0,0,10819,10522,0,0,0,10819
فارس,13940729,20151021,0,0,0,10819,10522,0,0,0,10819
فارس,13940728,20151020,0,0,0,10819,10522,0,0,0,10819
فارس,13940727,20151019,306,3075678,33275887829,10819,10522,10522,10949,10689,10607
فارس,13940726,20151018,101,204315,2160496644,10607,10506,10504,10750,10750,10616
فارس,13940725,20151017,94,258337,2752086511,10616,10607,10573,10718,10573,10602
فارس,13940722,20151014,81,245080,2601634781,10602,10580,10545,10649,10580,10597
فارس,13940721,20151013,44,63474,669995189,10597,10580,10531,10599,10581,10600
فارس,13940720,20151012,42,1555780,16490879528,10600,10586,10530,10650,10601,10763
فارس,13940719,20151011,107,5015708,53984447187,10763,10699,10550,10849,10570,10670
فارس,13940718,20151010,70,1015944,10840236326,10670,10542,10511,10673,10511,10673
فارس,13940715,20151007,31,37905,403270637,10673,10674,10439,10680,10650,10674
فارس,13940714,20151006,102,1926302,20561834943,10674,10688,10420,10749,10426,10657
فارس,13940713,20151005,20,38350,399901542,10657,10420,10412,10500,10435,10667
فارس,13940712,20151004,23,36610,387736320,10667,10434,10434,10680,10680,10670
فارس,13940711,20151003,64,1314065,14021123544,10670,10501,10400,10700,10400,10642
فارس,13940708,20150930,14,13140,136986915,10642,10415,10410,10599,10599,10645
فارس,13940707,20150929,17,22192,231741853,10645,10425,10403,10600,10600,10650
فارس,13940706,20150928,6,6463,67831350,10650,10460,10460,10500,10500,10651
فارس,13940705,20150927,24,30620,320268199,10651,10499,10450,10500,10455,10657
فارس,13940704,20150926,16,22801,239268178,10657,10456,10435,10654,10435,10661
فارس,13940701,20150923,15,33343,355767104,10661,10550,10550,10760,10760,10661
فارس,13940631,20150922,31,819258,8734717787,10661,10658,10401,10698,10698,10659
فارس,13940630,20150921,211,2449630,26110081408,10659,10800,10200,10800,10561,10578
فارس,13940629,20150920,68,263673,2762791103,10578,10311,10249,10617,10349,10617
فارس,13940628,20150919,43,66274,686219638,10617,10390,10300,10400,10302,10637
فارس,13940625,20150916,87,275671,2901693434,10637,10340,10300,10600,10406,10683
فارس,13940624,20150915,66,515665,5511893867,10683,10660,10453,10792,10693,10676
فارس,13940623,20150914,73,999197,10667731461,10676,10696,10500,10700,10697,10657
فارس,13940622,20150913,297,2285042,24351657399,10657,10700,10303,10899,10342,10508
فارس,13940621,20150912,25,139804,1462731047,10508,10460,10311,10494,10311,10516
فارس,13940618,20150909,35,362216,3799228448,10516,10403,10352,10539,10535,10533
فارس,13940617,20150908,59,103454,1086592958,10533,10371,10370,10588,10540,10537
فارس,13940616,20150907,51,87702,905903528,10537,10341,10313,10400,10351,10558
فارس,13940615,20150906,88,256439,2675375024,10558,10320,10320,10500,10478,10605
فارس,13940614,20150905,85,341546,3591418094,10605,10601,10453,10601,10470,10657
فارس,13940611,20150902,49,70165,737501234,10657,10470,10450,10660,10660,10669
فارس,13940610,20150901,14,18879,198252690,10669,10486,10486,10605,10520,10672
فارس,13940609,20150831,6,8492,89156700,10672,10511,10476,10511,10476,10674
فارس,13940608,20150830,201,4743776,50634739167,10674,10678,10400,10701,10680,10628
فارس,13940607,20150829,147,5342084,56777070082,10628,10649,10451,10649,10645,10629
فارس,13940604,20150826,173,796109,8460922017,10629,10798,10355,10798,10679,10637
فارس,13940603,20150825,121,471772,4969737695,10637,10554,10454,10770,10770,10745
فارس,13940602,20150824,113,354324,3761438119,10745,10600,10580,10680,10628,10826
فارس,13940601,20150823,85,844806,9144825353,10826,10630,10606,10840,10606,10835
فارس,13940531,20150822,61,8450066,91552984854,10835,10700,10600,10837,10810,10838
فارس,13940528,20150819,20,19439,207697934,10838,10666,10608,10780,10780,10841
فارس,13940527,20150818,109,5929628,64281375951,10841,10612,10550,10848,10652,10848
فارس,13940526,20150817,63,6938200,75267284835,10848,10799,10600,10850,10840,10850
فارس,13940525,20150816,160,5678216,61607912058,10850,10551,10500,10999,10610,10864
فارس,13940524,20150815,42,95509,1018968207,10864,10698,10626,10752,10626,10887
فارس,13940521,20150812,209,1634145,17791748936,10887,11100,10531,11100,10749,10803
فارس,13940519,20150810,507,4408549,47623726986,10803,10730,10553,10880,10795,10815
فارس,13940518,20150809,40,110976,1201269641,10815,10670,10522,10950,10949,10814
فارس,13940517,20150808,171,1719244,18592722496,10814,10898,10411,10949,10653,10957
فارس,13940514,20150805,51,72957,783136794,10957,10794,10700,10900,10900,10977
فارس,13940513,20150804,58,378506,4139189328,10977,10930,10700,11018,11000,11007
فارس,13940512,20150803,69,1330115,14640478905,11007,10900,10880,11119,10990,10973
فارس,13940511,20150802,120,898505,9859149321,10973,11038,10886,11049,10900,11039
فارس,13940510,20150801,26,70712,765153690,11039,10910,10750,10910,10751,11057
فارس,13940507,20150729,27,39233,425811402,11057,10975,10800,10975,10851,11066
فارس,13940506,20150728,30,117216,1288288185,11066,10865,10857,11019,10900,11077
فارس,13940505,20150727,104,380034,4200832758,11077,11000,10910,11147,10960,11093
فارس,13940504,20150726,192,726137,8056359380,11093,11080,10936,11199,11000,11084
فارس,13940503,20150725,282,1482751,16434503770,11084,11118,10900,11250,10969,11073
فارس,13940431,20150722,133,1375075,15226629660,11073,10968,10931,11200,10980,10990
فارس,13940430,20150721,83,2715164,29840464115,10990,10930,10800,11000,10900,10938
فارس,13940429,20150720,105,673730,7375669721,10938,10800,10600,11000,10651,10912
فارس,13940428,20150719,0,0,0,10912,10888,0,0,0,10912
فارس,13940424,20150715,286,2033306,22187060968,10912,10888,10700,11000,11000,10823
فارس,13940423,20150714,180,1119500,12116823310,10823,10680,10680,11000,10890,10910
فارس,13940422,20150713,406,3046908,33241233783,10910,10600,10600,10950,10950,10820
فارس,13940421,20150712,79,537911,5871670837,10820,10721,10703,11080,11000,10693
فارس,13940420,20150711,112,785108,8411231265,10693,10700,10570,10900,10888,10592
فارس,13940416,20150707,253,996830,10558714593,10592,10700,10450,10700,10683,10691
فارس,13940415,20150706,102,470643,5035286347,10691,10678,10552,10790,10712,10684
فارس,13940414,20150705,310,1084477,11586295866,10684,10502,10502,10900,10800,10737
فارس,13940413,20150704,113,210589,2260400753,10737,10699,10660,10798,10797,10738
فارس,13940410,20150701,66,158384,1693857219,10738,10700,10650,10798,10798,10747
فارس,13940409,20150630,110,678954,7295242366,10747,10739,10690,10798,10752,10754
فارس,13940408,20150629,190,177919,1899570290,10754,10715,10508,10720,10508,10772
فارس,13940407,20150628,40,159984,1682569277,10772,10600,10500,10650,10504,10826
فارس,13940406,20150627,156,95405,1028374282,10826,10700,10700,10800,10800,10831
فارس,13940403,20150624,104,320210,3437473567,10831,10800,10500,10800,10800,10881
فارس,13940402,20150623,147,331178,3583158164,10881,10800,10751,10900,10800,10914
فارس,13940401,20150622,117,416960,4568380532,10914,10884,10650,11226,10650,10879
فارس,13940331,20150621,38,81055,864657238,10879,10650,10645,10850,10850,10899
فارس,13940330,20150620,112,574807,6339847321,10899,10714,10692,11226,10995,10692
فارس,13940327,20150617,165,1096659,11725338860,10692,10680,10400,10910,10400,10507
فارس,13940326,20150616,42,63851,663568646,10507,10310,10281,10576,10576,10515
فارس,13940325,20150615,47,81517,848921382,10515,10270,10270,10600,10379,10524
فارس,13940324,20150614,29,84256,887127344,10524,10379,10379,10600,10540,10524
فارس,13940323,20150613,39,228317,2402212752,10524,10542,10351,10549,10538,10525
فارس,13940320,20150610,174,470734,4966895498,10525,10629,10217,10629,10290,10499
فارس,13940319,20150609,47,293204,3013025815,10499,10250,10250,10500,10401,10597
فارس,13940318,20150608,133,146612,1549236169,10597,10600,10480,10690,10600,10602
فارس,13940317,20150607,178,641283,6868796585,10602,10600,10230,10904,10448,10385
فارس,13940316,20150606,65,126871,1320486661,10385,10470,10212,10477,10398,10382
فارس,13940312,20150602,54,48848,507846225,10382,10390,10390,10400,10400,10381
فارس,13940311,20150601,703,728938,7574746023,10381,10389,10200,10477,10201,10348
فارس,13940310,20150531,293,1504867,15572908832,10348,10162,10152,10495,10495,10434
فارس,13940309,20150530,413,621555,6467493674,10434,10200,10169,10550,10550,10489
فارس,13940306,20150527,408,665104,6985914424,10489,10479,10451,10550,10500,10457
فارس,13940305,20150526,319,613434,6421753487,10457,10530,10441,10530,10450,10437
فارس,13940304,20150525,195,841939,8792657806,10437,10379,10302,10549,10410,10394
فارس,13940303,20150524,294,1700196,17671480140,10394,10320,10100,10495,10420,10436
فارس,13940302,20150523,146,825356,8613930161,10436,10390,10146,10580,10435,10431
فارس,13940230,20150520,420,2637173,27507107090,10431,10500,10100,10550,10427,10404
فارس,13940229,20150519,172,1594877,16592716625,10404,10418,10221,10429,10330,10400
فارس,13940228,20150518,129,646843,6740913768,10400,10233,10233,10449,10370,10356
فارس,13940227,20150517,141,312387,3235316694,10356,10190,10177,10550,10300,10355
فارس,13940223,20150513,90,157621,1632147365,10355,10260,10188,10429,10341,10355
فارس,13940222,20150512,129,317914,3252458748,10355,10299,10040,10600,10418,10418
فارس,13940221,20150511,84,170401,1772466632,10418,10300,10055,10499,10200,10421
فارس,13940220,20150510,89,317933,3234643565,10421,10127,10127,10500,10150,10548
فارس,13940219,20150509,143,247842,2549660288,10548,10217,10217,10510,10455,10642
فارس,13940216,20150506,151,539890,5721405689,10642,10620,10380,10925,10520,10704
فارس,13940215,20150505,98,221896,2349851178,10704,10501,10320,10900,10376,10740
فارس,13940214,20150504,204,413743,4460262875,10740,10356,10320,11100,11100,10708
فارس,13940213,20150503,127,304605,3254941386,10708,10810,10350,10900,10900,10719
فارس,13940209,20150429,251,1619722,17361284366,10719,10708,10613,10850,10613,10515
فارس,13940208,20150428,353,1381962,14531456869,10515,10441,10100,10686,10300,10275
فارس,13940207,20150427,126,527374,5450913279,10275,10258,10200,10379,10317,10203
فارس,13940206,20150426,123,368514,3754213944,10203,10300,10001,10300,10200,10212
فارس,13940205,20150425,72,380745,3879919357,10212,10250,10004,10277,10145,10225
فارس,13940202,20150422,121,569980,5828343529,10225,10295,10151,10385,10326,10225
فارس,13940201,20150421,138,833914,8528240996,10225,10329,9950,10380,9950,10210
فارس,13940131,20150420,142,206296,2053784640,10210,9996,9888,10290,9960,10281
فارس,13940130,20150419,389,1458881,14999078988,10281,9940,9940,10700,10677,10335
فارس,13940129,20150418,173,943017,9746451307,10335,10279,10194,10980,10500,10618
فارس,13940126,20150415,105,231756,2457069114,10618,10500,10500,10800,10504,10623
فارس,13940125,20150414,135,591652,6289558530,10623,10700,10400,10700,10400,10610
فارس,13940124,20150413,174,458178,4841467757,10610,10500,10300,10669,10400,10652
فارس,13940123,20150412,113,267525,2774803788,10652,10438,10337,10730,10420,10767
فارس,13940122,20150411,153,284386,3006298549,10767,10432,10430,10800,10600,10854
فارس,13940119,20150408,140,322922,3451212309,10854,10575,10573,10959,10600,10941
فارس,13940118,20150407,396,420920,4574472495,10941,10960,10610,10995,10800,11000
فارس,13940117,20150406,383,2125613,23381003243,11000,11000,10886,11500,11500,11339
فارس,13940116,20150405,673,3922010,44471477563,11339,11341,11100,11341,11341,10905
فارس,13940115,20150404,30,948663,10345170015,10905,10905,10905,10905,10905,10486
فارس,13940111,20150331,148,3019539,31662616016,10486,10446,10310,10600,10310,10610
فارس,13940110,20150330,76,160276,1668749921,10610,10370,10307,10587,10307,10650
فارس,13940109,20150329,209,964143,10268286150,10650,10499,10400,10732,10400,10503
فارس,13940108,20150328,109,469414,4924595734,10503,10450,10260,10511,10260,10514
فارس,13940105,20150325,31,32335,337141890,10514,10550,10202,10595,10202,10517
فارس,13931227,20150318,135,500121,5249255438,10517,10549,10280,10600,10448,10540
فارس,13931226,20150317,57,128653,1334970395,10540,10480,10151,10480,10320,10565
فارس,13931225,20150316,159,846536,8945818970,10565,10184,10170,10698,10236,10548
فارس,13931224,20150315,104,323192,3412519138,10548,10254,10202,10730,10700,10542
فارس,13931223,20150314,154,645056,6872116504,10542,10550,10011,10729,10011,10320
فارس,13931219,20150310,282,690888,7087513961,10177,10031,9994,10380,10133,9992
فارس,13931218,20150309,144,244575,2466618174,9992,10100,10000,10150,10000,9962
فارس,13931217,20150308,179,639542,6385183938,9962,10000,9600,10200,9900,9923
فارس,13931216,20150307,186,331209,3214938967,9923,9800,9630,9999,9831,10031
فارس,13931213,20150304,121,673453,6709634924,10031,9988,9801,10020,10000,10180
فارس,13931212,20150303,53,10337283,1.05229E+11,10180,10000,9961,10185,10178,10185
فارس,13931211,20150302,49,191072,1920811732,10185,9961,9951,10217,10182,10217
فارس,13931210,20150301,72,300740,3039256649,10217,10200,9950,10200,9950,10267
فارس,13931209,20150228,87,3214538,33003721284,10267,10000,9900,10289,9900,10226
فارس,13931206,20150225,127,162227,1627937485,10226,9960,9855,10200,10005,10265
فارس,13931205,20150224,53,155478,1555122786,10265,9998,9997,10200,10000,10316
فارس,13931204,20150223,228,9893003,1.02056E+11,10316,10400,9912,10400,10000,10325
فارس,13931203,20150222,70,169753,1702428546,10325,9981,9981,10250,10125,10389
فارس,13931202,20150221,95,193082,1988732746,10389,10150,10100,10500,10100,10412
فارس,13931129,20150218,107,519336,5211509195,10412,10023,10023,10100,10100,10440
فارس,13931128,20150217,478,2865340,29188667976,10440,10180,10176,10500,10176,10599
فارس,13931127,20150216,32,92264,939247520,10599,10180,10180,10180,10180,10604
فارس,13931126,20150215,45,138977,1416078876,10604,10188,10188,10221,10221,10612
فارس,13931125,20150214,115,302785,3095388732,10612,10203,10203,10349,10300,10628
فارس,13931121,20150210,313,4597567,49002722175,10628,10379,10156,10790,10156,10579
فارس,13931120,20150209,188,666701,6826789691,10579,10188,10188,10400,10349,10612
فارس,13931119,20150208,140,1301981,13446517083,10612,10287,10246,10458,10458,10672
فارس,13931118,20150207,218,429983,4426464090,10672,10298,10268,10589,10589,10695
فارس,13931115,20150204,272,582022,6118640177,10695,10440,10402,10748,10695,10711
فارس,13931114,20150203,159,637519,6730259159,10711,10580,10450,10750,10680,10725
فارس,13931113,20150202,447,1619954,17394015184,10725,10650,10350,10840,10350,10721
فارس,13931112,20150201,201,746935,7871066359,10721,10391,10323,10742,10742,10742
فارس,13931111,20150131,293,795317,8419120366,10742,10750,10393,10790,10689,10761
فارس,13931108,20150128,124,934139,9905190371,10761,10590,10360,10680,10680,10784
فارس,13931107,20150127,172,928748,9784603148,10784,10389,10388,10818,10818,10820
فارس,13931106,20150126,107,607874,6545466200,10820,10650,10392,10825,10825,10825
فارس,13931105,20150125,117,567468,6130764778,10825,10750,10502,10828,10828,10827
فارس,13931104,20150124,203,9492485,1.02774E+11,10827,10898,10200,10898,10624,10624
فارس,13931101,20150121,364,1501641,15896630024,10624,10300,10300,10690,10635,10634
فارس,13931030,20150120,435,1472559,15630731392,10634,10689,10301,10700,10329,10639
فارس,13931029,20150119,123,364799,3818261724,10639,10690,10242,10690,10325,10648
فارس,13931028,20150118,410,5630176,60431244716,10648,10570,10355,10797,10797,10382
فارس,13931027,20150117,248,4551365,47963328886,10382,10541,10306,10541,10398,10136
فارس,13931024,20150114,646,3833586,39302081676,10136,10300,10110,10358,10180,10012
فارس,13931023,20150113,816,5136445,51185134940,10012,10000,9713,10360,10360,10117
فارس,13931022,20150112,179,422830,4326451872,10117,10220,10160,10446,10198,10110
فارس,13931021,20150111,231,910541,8976419496,10110,10130,9740,10130,9990,10145
فارس,13931020,20150110,319,2842162,28121742180,10145,10000,9888,10200,10190,10300
فارس,13931017,20150107,587,7058825,72554474894,10300,10272,10272,10630,10312,10700
فارس,13931016,20150106,1066,29035870,3.10684E+11,10700,10700,10700,10700,10700,11145
فارس,13931015,20150105,11,3053,32667100,11145,10700,10700,10700,10700,11145
فارس,13931014,20150104,28,21102,225812502,11145,10701,10701,10701,10701,11146
فارس,13931013,20150103,167,1383956,14925622331,11146,10779,10779,10950,10811,11228
فارس,13931010,20141231,390,2208540,24135812767,11228,10900,10900,11200,11200,11354
فارس,13931009,20141230,311,930426,10333468412,11354,10950,10940,11389,11300,11390
فارس,13931008,20141229,32136,48843626,5.56317E+11,11390,11001,11001,11900,11001,11459
فارس,13931007,20141228,172,1042655,11534892265,11459,11063,11063,11063,11063,11523
فارس,13931006,20141227,393,12667167,1.45964E+11,11523,11523,11523,11523,11523,12003
فارس,13931003,20141224,36,1070995,12412832050,12003,11590,11590,11590,11590,12072
فارس,13931001,20141222,0,0,0,12072,11812,0,0,0,12072
فارس,13930929,20141220,0,0,0,12072,11812,0,0,0,12072
فارس,13930926,20141217,0,0,0,12072,11812,0,0,0,12072
فارس,13930925,20141216,0,0,0,12072,11812,0,0,0,12072
فارس,13930924,20141215,0,0,0,12072,11812,0,0,0,12072
فارس,13930923,20141214,0,0,0,12072,11812,0,0,0,12072
فارس,13930919,20141210,0,0,0,12072,11812,0,0,0,12072
فارس,13930918,20141209,0,0,0,12072,11812,0,0,0,12072
فارس,13930917,20141208,0,0,0,12072,11812,0,0,0,12072
فارس,13930916,20141207,232,3535835,41781332220,12072,11812,11812,11990,11990,12304
فارس,13930915,20141206,220,1987725,23733745307,12304,11940,11940,11998,11941,12437
فارس,13930912,20141203,234,1906405,23000247671,12437,12064,12064,12399,12064,12566
فارس,13930911,20141202,417,11300621,1.41999E+11,12566,12200,11940,12689,11940,12218
فارس,13930910,20141201,499,8760262,1.0703E+11,12218,11950,11367,12313,11367,11840
فارس,13930909,20141130,237,2830559,32694098354,11840,11538,11538,11869,11612,12018
فارس,13930908,20141129,363,4576847,54238425310,12018,11795,11795,12199,12199,12286
فارس,13930905,20141126,279,1842970,22273271291,12286,12000,12000,12400,12100,12352
فارس,13930904,20141125,491,3148983,38010948656,12352,12056,12056,12395,12395,12558
فارس,13930903,20141124,610,1885140,23230464413,12558,12190,12182,12997,12701,12638
فارس,13930902,20141123,483,2349526,29421367967,12638,12450,12400,12720,12600,12692
فارس,13930901,20141122,323,1909840,24059727493,12692,12600,12495,12646,12570,12724
فارس,13930828,20141119,566,3109194,39356563170,12724,12600,12436,12771,12650,12771
فارس,13930827,20141118,399,3040302,37910464808,12771,12460,12460,12600,12600,12979
فارس,13930826,20141117,291,799654,10158716210,12979,12600,12596,12890,12700,13012
فارس,13930825,20141116,212,617924,7964510177,13012,12841,12800,13067,13067,13023
فارس,13930824,20141115,249,1391156,18005227792,13023,13000,12895,13004,13003,13042
فارس,13930821,20141112,256,1113373,14611158286,13042,13150,13020,13200,13113,13028
فارس,13930820,20141111,262,2687351,35294048971,13028,13160,13060,13298,13100,12969
فارس,13930819,20141110,403,3012355,39640914562,12969,13260,12950,13298,13149,12839
فارس,13930818,20141109,304,1372772,17853096135,12839,13000,12900,13090,13050,12801
فارس,13930817,20141108,419,1775429,22978629263,12801,13000,12822,13045,12822,12757
فارس,13930814,20141105,546,2839054,36492407049,12757,12940,12600,13000,12948,12697
فارس,13930811,20141102,478,3333446,42388695181,12697,12689,12646,12790,12750,12681
فارس,13930810,20141101,290,1658145,21146811400,12681,12710,12660,12986,12660,12660
فارس,13930807,20141029,536,5251236,66042551756,12660,12674,12401,12700,12510,12860
فارس,13930806,20141028,429,1742884,21759969538,12860,12500,12456,12870,12870,12975
فارس,13930805,20141027,397,1628825,20528289287,12975,12556,12556,12790,12712,13079
فارس,13930804,20141026,229,522127,6653669499,13079,12750,12670,12850,12850,13104
فارس,13930803,20141025,153,472924,6097068985,13104,12880,12860,13100,13100,13118
فارس,13930730,20141022,535,6746691,88498105241,13118,13140,12850,13364,13200,13122
فارس,13930729,20141021,640,3876206,51475233124,13122,12979,12900,13468,13000,12950
فارس,13930728,20141020,414,2889569,37421224989,12950,13100,12854,13190,13000,13906
فارس,13930727,20141019,0,0,0,13906,13498,0,0,0,13906
فارس,13930726,20141018,0,0,0,13906,13498,0,0,0,13906
فارس,13930723,20141015,0,0,0,13906,13498,0,0,0,13906
فارس,13930722,20141014,360,1373916,18708642966,13906,13498,13414,13788,13631,13972
فارس,13930720,20141012,138,298108,4111080095,13972,13820,13700,13889,13889,13980
فارس,13930719,20141011,147,313543,4306455223,13980,13870,13650,13998,13998,13991
فارس,13930716,20141008,284,2721108,38009460807,13991,13700,13700,14009,14004,14004
فارس,13930715,20141007,125,925340,12773553874,14004,13752,13752,13885,13885,14032
فارس,13930714,20141006,75,356923,4932536058,14032,13800,13751,14020,14020,14043
فارس,13930712,20141004,135,685805,9590432058,14043,13990,13851,14262,14261,14049
فارس,13930709,20141001,484,2428722,34384972917,14049,14239,13900,14295,14000,13996
فارس,13930708,20140930,248,3441310,48169577394,13996,14000,13780,14050,13780,13994
فارس,13930707,20140929,139,340068,4704069669,13994,13950,13613,13950,13613,14002
فارس,13930706,20140928,221,565060,7773131122,14002,13795,13551,13995,13600,14022
فارس,13930705,20140927,163,555671,7554055941,14022,13615,13547,13652,13651,14057
فارس,13930702,20140924,178,749845,10263046451,14057,13658,13600,13752,13711,14099
فارس,13930701,20140923,114,171383,2356146877,14099,13750,13720,13780,13720,14107
فارس,13930631,20140922,94,201774,2780664365,14107,13712,13712,14017,14017,14116
فارس,13930630,20140921,200,1015699,14047295237,14116,13800,13783,14020,13999,14161
فارس,13930629,20140920,184,815236,11281931064,14161,13800,13770,14055,14055,14201
فارس,13930626,20140917,84,202692,2828153132,14201,14000,13833,14057,13990,14208
فارس,13930625,20140916,79,247047,3425272395,14208,13862,13801,14080,14080,14220
فارس,13930624,20140915,50,48270,670161691,14220,13970,13806,14070,14070,14222
فارس,13930623,20140914,77,157345,2189792813,14222,13832,13763,14048,13999,14229
فارس,13930622,20140913,363,6220425,88584292724,14229,14342,13650,14732,13975,14166
فارس,13930619,20140910,120,637042,8968219694,14166,13905,13883,14190,14129,14174
فارس,13930618,20140909,96,230162,3211984883,14174,13991,13851,14199,14199,14181
فارس,13930617,20140908,174,5410929,76805433967,14181,14001,14001,14200,14200,14144
فارس,13930616,20140907,582,8324729,1.17749E+11,14144,14100,14020,14200,14149,14146
فارس,13930615,20140906,161,655560,9126878166,14146,13700,13700,14200,14050,14168
فارس,13930612,20140903,173,1128324,15856863694,14168,14180,14020,14186,14140,14189
فارس,13930611,20140902,151,563107,7926011706,14189,14070,14040,14359,14359,14198
فارس,13930610,20140901,386,7333911,1.0407E+11,14198,14189,14188,14480,14300,14779
فارس,13930609,20140831,163,696158,9930597684,14779,14242,14242,14500,14301,14832
فارس,13930608,20140830,260,1896185,27304245971,14832,14381,14381,14700,14700,14980
فارس,13930605,20140827,389,1366994,19864073478,14980,14529,14496,14700,14680,15081
فارس,13930604,20140826,135,280355,4122910146,15081,14700,14651,14750,14666,15096
فارس,13930603,20140825,88,177518,2606926018,15096,14700,14630,14720,14640,15106
فارس,13930602,20140824,99,429955,6314536353,15106,14699,14643,14900,14681,15132
فارس,13930601,20140823,199,5514583,83694418461,15132,14716,14635,15270,14650,15002
فارس,13930529,20140820,147,408327,6003136012,15002,14671,14650,14820,14820,15019
فارس,13930528,20140819,121,243844,3583368452,15019,14680,14620,14749,14620,15030
فارس,13930527,20140818,86,284466,4187697879,15030,14730,14700,14800,14800,15042
فارس,13930526,20140817,336,12133200,1.82505E+11,15042,14800,14700,15098,14711,14977
فارس,13930525,20140816,152,1350229,19789073179,14977,14750,14610,14992,14992,15048
فارس,13930522,20140813,285,6817079,1.02585E+11,15048,14801,14705,15100,14705,15042
فارس,13930521,20140812,142,372372,5509959135,15042,14750,14750,15039,15039,15055
فارس,13930520,20140811,277,1176324,17607751416,15055,14951,14877,15020,14877,15071
فارس,13930519,20140810,250,1405913,21074434032,15071,14900,14680,15100,14680,15090
فارس,13930518,20140809,269,742974,11065243484,15090,14800,14761,15001,15001,15112
فارس,13930515,20140806,97,334275,5005422451,15112,14922,14840,15130,15130,15119
فارس,13930514,20140805,439,4557011,68983429802,15119,15126,14800,15188,14911,15088
فارس,13930513,20140804,276,4812301,72570501155,15088,14911,14802,15197,14880,15102
فارس,13930512,20140803,155,1972487,29393731419,15102,14850,14800,14940,14900,15174
فارس,13930511,20140802,186,1316502,19749733463,15174,14854,14854,15267,15267,15211
فارس,13930506,20140728,255,1158100,17577925410,15211,15012,15000,15400,15300,15217
فارس,13930505,20140727,443,6635816,1.0099E+11,15217,15290,14850,15294,15200,15201
فارس,13930504,20140726,215,827638,12460728964,15201,15000,14901,15200,15200,15219
فارس,13930501,20140723,1260,8762634,1.33362E+11,15219,15200,15050,15429,15390,14898
فارس,13930431,20140722,488,7871660,1.17268E+11,14898,14898,14750,14898,14750,14325
فارس,13930430,20140721,560,5837005,83814838749,14325,14700,14133,14700,14420,14198
فارس,13930429,20140720,317,1050762,14941523625,14198,14520,14011,14520,14011,14195
فارس,13930425,20140716,471,7894045,1.12059E+11,14195,14200,14033,14338,14298,14140
فارس,13930424,20140715,376,2350425,32913469155,14140,14350,13879,14355,14000,14203
فارس,13930423,20140714,297,1270159,17763386243,14203,14001,13701,14100,13701,14248
فارس,13930422,20140713,634,3917671,54797495986,14248,13958,13958,14399,14399,14539
فارس,13930421,20140712,355,873490,12601756391,14539,14500,14300,14560,14558,14554
فارس,13930418,20140709,746,4241274,61737037801,14554,14428,14400,15030,14750,14552
فارس,13930417,20140708,917,4130896,60341011047,14552,14880,14300,14900,14599,14482
فارس,13930416,20140707,971,4686966,67010144749,14482,14320,14207,14599,14341,14797
فارس,13930415,20140706,794,4357605,63398221148,14797,14543,14543,14700,14640,15148
فارس,13930414,20140705,2382,15690675,2.37675E+11,15148,14800,14800,15490,15490,14895
فارس,13930411,20140702,0,0,0,14895,14303,0,0,0,14895
فارس,13930410,20140701,0,0,0,14895,14303,0,0,0,14895
فارس,13930409,20140630,0,0,0,14895,14303,0,0,0,14895
فارس,13930408,20140629,0,0,0,14895,14303,0,0,0,14895
فارس,13930407,20140628,0,0,0,14895,14303,0,0,0,14895
فارس,13930404,20140625,0,0,0,14895,14303,0,0,0,14895
فارس,13930403,20140624,0,0,0,14895,14303,0,0,0,14895
فارس,13930402,20140623,0,0,0,14895,14303,0,0,0,14895
فارس,13930401,20140622,0,0,0,14895,14303,0,0,0,14895
فارس,13930331,20140621,0,0,0,14895,14303,0,0,0,14895
فارس,13930328,20140618,0,0,0,14895,14303,0,0,0,14895
فارس,13930327,20140617,15,31639,452532617,14895,14303,14303,14303,14303,14898
فارس,13930326,20140616,46,109624,1568829064,14898,14311,14311,14311,14311,14907
فارس,13930325,20140615,31,180613,2587281225,14907,14325,14325,14325,14325,14921
فارس,13930324,20140614,20,122144,1750812096,14921,14334,14334,14334,14334,14931
فارس,13930321,20140611,179,2580864,37627178563,14931,14514,14514,14797,14797,15118
فارس,13930320,20140610,433,1411376,20656403874,15118,14697,14622,14790,14666,15231
فارس,13930319,20140609,310,670501,9892871792,15231,14730,14669,14898,14898,15278
فارس,13930318,20140608,224,320615,4739354686,15278,14850,14700,15030,15030,15300
فارس,13930317,20140607,371,6912988,1.05918E+11,15300,14760,14741,15399,15090,15020
فارس,13930313,20140603,302,883586,13150213290,15020,14700,14685,15200,14990,15039
فارس,13930312,20140602,533,3487313,52009672634,15039,14798,14544,15240,15150,15149
فارس,13930311,20140601,670,4922700,73579521073,15149,14950,14923,15440,15350,15544
فارس,13930310,20140531,640,6014832,93493465491,15544,15360,15300,15890,15890,15705
فارس,13930307,20140528,0,0,0,15705,15467,0,0,0,15705
فارس,13930305,20140526,0,0,0,15705,15467,0,0,0,15705
فارس,13930304,20140525,0,0,0,15705,15467,0,0,0,15705
فارس,13930303,20140524,0,0,0,15705,15467,0,0,0,15705
فارس,13930231,20140521,0,0,0,15705,15467,0,0,0,15705
فارس,13930230,20140520,0,0,0,15705,15467,0,0,0,15705
فارس,13930229,20140519,483,4939899,76570080585,15705,15467,15467,15900,15900,16111
فارس,13930228,20140518,581,2588394,41169672695,16111,15800,15601,16200,16200,16221
فارس,13930227,20140517,438,2913889,47191017281,16221,16106,16000,16400,16245,16237
فارس,13930224,20140514,388,4064037,66023612622,16237,16230,16161,16300,16229,16227
فارس,13930222,20140512,310,3165076,51362706798,16227,16160,16112,16287,16235,16227
فارس,13930221,20140511,364,1554441,25268698246,16227,16206,16141,16350,16349,16219
فارس,13930220,20140510,497,2632683,42785215035,16219,16270,16021,16400,16320,16201
فارس,13930217,20140507,555,6679478,1.08329E+11,16201,16244,16182,16400,16400,16047
فارس,13930216,20140506,565,2343830,37747375624,16047,16031,16027,16170,16061,16021
فارس,13930215,20140505,668,2773431,44430413155,16021,16030,15910,16089,16020,16021
فارس,13930214,20140504,362,1710957,27145743529,16021,16000,15701,16000,15999,16068
فارس,13930213,20140503,409,1573244,24966012282,16068,16000,15715,16120,16120,16121
فارس,13930210,20140430,696,4042774,65074455888,16121,16000,15856,16239,15990,16150
فارس,13930209,20140429,1962,21428827,3.46079E+11,16150,15720,15720,16196,16196,15574
فارس,13930208,20140428,634,13845433,2.15629E+11,15574,15574,15574,15574,15574,14975
فارس,13930207,20140427,0,0,0,14975,14474,0,0,0,14975
فارس,13930206,20140426,0,0,0,14975,14474,0,0,0,14975
فارس,13930203,20140423,0,0,0,14975,14474,0,0,0,14975
فارس,13930202,20140422,0,0,0,14975,14474,0,0,0,14975
فارس,13930201,20140421,0,0,0,14975,14474,0,0,0,14975
فارس,13930131,20140420,0,0,0,14975,14474,0,0,0,14975
فارس,13930130,20140419,237,490794,7145109216,14975,14474,14421,15004,15000,15004
فارس,13930127,20140416,280,955840,14400259392,15004,15000,15000,15400,15399,14995
فارس,13930126,20140415,351,1357297,20439709580,14995,15300,14925,15300,15000,14981
فارس,13930125,20140414,432,1641163,24408535287,14981,15380,14430,15400,14430,15012
فارس,13930124,20140413,689,8043612,1.20751E+11,15012,15012,15012,15095,15012,15637
فارس,13930123,20140412,341,2053368,31230030718,15637,15168,15168,15800,15500,15800
فارس,13930120,20140409,379,1581253,24475388575,15800,15885,15355,15885,15652,15887
فارس,13930119,20140408,398,1435147,22521456623,15887,15500,15450,15900,15900,15934
فارس,13930118,20140407,285,776296,12342521974,15934,15900,15750,15997,15990,15938
فارس,13930117,20140406,308,3811766,60208363005,15938,15785,15733,15900,15900,16087
فارس,13930116,20140405,247,3516721,56611631087,16087,15916,15899,16219,16120,16078
فارس,13930111,20140331,339,3137930,50462476822,16078,16100,15800,16105,15800,16076
فارس,13930110,20140330,294,8169506,1.3133E+11,16076,15988,15855,16097,16000,16097
فارس,13930109,20140329,280,2159773,34115185088,16097,15797,15650,16280,16280,16221
فارس,13930106,20140326,260,2391647,38346001923,16221,16000,15900,16230,16099,16310
فارس,13930105,20140325,179,705286,11448679441,16310,16170,16168,16650,16650,16318
فارس,13921228,20140319,699,4720888,77193153701,16318,16290,16220,16500,16499,16261
فارس,13921227,20140318,562,5706216,92836609961,16261,16299,16201,16700,16500,16235
فارس,13921226,20140317,568,4464879,72757392579,16235,16203,16151,16534,16151,16144
فارس,13921225,20140316,484,4863446,78434808955,16144,16125,16000,16250,16000,16174
فارس,13921224,20140315,425,943702,15306873584,16174,16170,15670,16400,16100,16167
فارس,13921221,20140312,421,13309425,2.15172E+11,16167,16168,15569,16218,15780,16217
فارس,13921220,20140311,284,1589305,24997168394,16217,15697,15696,16000,15999,16350
فارس,13921219,20140310,261,1004722,15979588031,16350,15880,15854,16000,15900,16420
فارس,13921218,20140309,196,1020836,16330547154,16420,15998,15901,16100,16000,16487
فارس,13921217,20140308,212,843199,13693712334,16487,16190,16168,16800,16500,16519
فارس,13921214,20140305,414,20693335,3.41843E+11,16519,16460,16041,16700,16200,16255
فارس,13921213,20140304,292,1164944,18583057156,16255,16040,15660,16050,15660,16311
فارس,13921212,20140303,335,1901753,30264895012,16311,16000,15867,16100,16100,16448
فارس,13921211,20140302,314,1182365,19298700476,16448,16350,16201,16500,16500,16472
فارس,13921210,20140301,792,3787098,63504655281,16472,16500,16500,16811,16739,16165
فارس,13921207,20140226,778,4720388,76195831096,16165,16210,15700,16750,15840,16206
فارس,13921206,20140225,346,1223976,19386926885,16206,15800,15726,16000,15999,16278
فارس,13921205,20140224,515,1810858,29006592836,16278,16279,15763,16380,16000,16362
فارس,13921204,20140223,413,1148746,18628248640,16362,16197,16010,16389,16360,16389
فارس,13921203,20140222,489,1893157,31078216868,16389,16388,16251,16666,16251,16380
فارس,13921130,20140219,935,16528735,2.70742E+11,16380,16361,16253,16952,16952,16300
فارس,13921129,20140218,0,0,0,16300,15899,0,0,0,16300
فارس,13921128,20140217,0,0,0,16300,15899,0,0,0,16300
فارس,13921127,20140216,0,0,0,16300,15899,0,0,0,16300
فارس,13921126,20140215,0,0,0,16300,15899,0,0,0,16300
فارس,13921123,20140212,0,0,0,16300,15899,0,0,0,16300
فارس,13921121,20140210,0,0,0,16300,15899,0,0,0,16300
فارس,13921120,20140209,0,0,0,16300,15899,0,0,0,16300
فارس,13921119,20140208,183,2931411,46606503489,16300,15899,15899,15899,15899,16561
فارس,13921116,20140205,260,1520767,24377895010,16561,16030,16030,16030,16030,16697
فارس,13921115,20140204,399,2048769,33605455475,16697,16290,16179,16776,16600,16809
فارس,13921114,20140203,312,1397441,23001704822,16809,16451,16300,16860,16550,16890
فارس,13921113,20140202,452,2219267,37179204430,16890,16694,16691,16990,16950,16949
فارس,13921112,20140201,681,4229334,72055090787,16949,17025,16900,17200,17002,16834
فارس,13921109,20140129,719,3968779,67372816488,16834,17079,16600,17139,16798,16672
فارس,13921108,20140128,640,2834926,47349040902,16672,16651,16500,16998,16850,16653
فارس,13921107,20140127,552,3274681,54300744048,16653,16699,16170,17001,17000,16709
فارس,13921106,20140126,470,1581601,25855848582,16709,16215,16137,16998,16998,16806
فارس,13921105,20140125,982,5907423,99856245587,16806,16872,16500,17000,16500,16430
فارس,13921102,20140122,1039,4720737,77411894839,16430,16300,16002,16700,16120,16485
فارس,13921101,20140121,816,7980834,1.31568E+11,16485,16130,16119,16790,16790,17013
فارس,13921030,20140120,0,0,0,17013,17280,0,0,0,17013
فارس,13921028,20140118,0,0,0,17013,17280,0,0,0,17013
فارس,13921025,20140115,0,0,0,17013,17280,0,0,0,17013
فارس,13921024,20140114,0,0,0,17013,17280,0,0,0,17013
فارس,13921023,20140113,447,4565637,78816780445,17013,17280,17000,17280,17199,16616
فارس,13921022,20140112,922,10714208,1.78025E+11,16616,16706,16559,17180,17175,17248
فارس,13921021,20140111,675,5172478,89334273910,17248,17050,17050,17780,17780,17196
فارس,13921018,20140108,709,5394036,92207929196,17196,17104,17005,17399,17152,17464
فارس,13921017,20140107,775,6014101,1.04734E+11,17464,17224,17100,17512,17480,17672
فارس,13921016,20140106,1172,5205041,92131708851,17672,17590,17502,17930,17701,17607
فارس,13921015,20140105,1430,5355232,94673964766,17607,17684,17521,17750,17595,17423
فارس,13921014,20140104,1088,5482552,95976532909,17423,17506,17180,17699,17249,17190
فارس,13921011,20140101,1242,7109300,1.22353E+11,17190,17200,16770,17299,16770,16749
فارس,13921009,20131230,1044,5654299,94657617549,16749,16850,16400,16950,16550,16775
فارس,13921008,20131229,882,6470049,1.08457E+11,16775,16900,16601,17074,16842,16855
فارس,13921007,20131228,775,4679519,78062511337,16855,16743,16511,16899,16899,17148
فارس,13921004,20131225,2012,15656492,2.68476E+11,17148,16848,16700,17269,17269,16605
فارس,13921003,20131224,382,5449484,91423659927,16605,16779,16580,16779,16759,16134
فارس,13921001,20131222,761,3034033,49465207796,16134,16400,15800,16499,15800,16018
فارس,13920930,20131221,1247,5697269,90717956545,16018,15849,15800,16150,15802,16329
فارس,13920927,20131218,1660,10836672,1.76952E+11,16329,16000,15900,16600,16310,16510
فارس,13920926,20131217,1086,6864282,1.13142E+11,16510,16400,16283,16800,16800,16839
فارس,13920925,20131216,1200,5630707,95006908974,16839,16650,16500,17200,16820,16731
فارس,13920924,20131215,1046,5724557,96098570845,16731,16800,16406,16949,16500,16545
فارس,13920923,20131214,1050,5273422,86760417713,16545,16460,16160,16650,16160,16770
فارس,13920920,20131211,1076,5350013,89488624764,16770,16700,16621,17000,16850,16882
فارس,13920919,20131210,1394,6611167,1.1131E+11,16882,16920,16610,16920,16900,17244
فارس,13920918,20131209,1781,5667005,97742629686,17244,17000,16970,17746,17700,17231
فارس,13920917,20131208,2404,14661103,2.5263E+11,17231,17274,16760,17274,16998,16610
فارس,13920916,20131207,1241,6076064,1.01598E+11,16610,16760,16201,16760,16390,16116
فارس,13920913,20131204,1515,7393123,1.19153E+11,16116,16200,16000,16400,16300,16008
فارس,13920912,20131203,2035,12445792,1.99226E+11,16008,16088,15777,16598,16000,16434
فارس,13920911,20131202,1696,8097461,1.33075E+11,16434,16382,16382,16800,16590,17064
فارس,13920910,20131201,2635,13052982,2.22743E+11,17064,16400,16248,17599,17500,16924
فارس,13920909,20131130,1345,12080461,2.04448E+11,16924,17054,16301,17054,16700,16399
فارس,13920906,20131127,2525,19776334,3.24322E+11,16399,16231,16180,16899,16801,16712
فارس,13920905,20131126,3144,12410280,2.07405E+11,16712,16335,16251,17350,16600,16788
فارس,13920904,20131125,3786,22494468,3.77642E+11,16788,16621,16621,17400,17000,17313
فارس,13920903,20131124,3949,16823414,2.91267E+11,17313,17290,16800,17545,17490,17087
فارس,13920902,20131123,2243,9802945,1.67504E+11,17087,16799,16750,17888,17510,17412
فارس,13920829,20131120,1861,6501428,1.12817E+11,17412,17240,17130,17800,17401,17829
فارس,13920828,20131119,1504,5011537,88919624321,17829,17600,17505,18190,17750,18006
فارس,13920827,20131118,1607,6614595,1.19111E+11,18006,17612,17600,18400,17787,18000
فارس,13920826,20131117,2217,10083291,1.81496E+11,18000,17610,17529,18379,18200,17674
فارس,13920825,20131116,635,4752018,85128047065,17674,17938,17601,17938,17800,17249
فارس,13920821,20131112,1715,6431431,1.11078E+11,17249,17500,16810,17630,17000,17107
فارس,13920820,20131111,1769,7883838,1.34869E+11,17107,16823,16811,17350,17010,17501
فارس,13920819,20131110,2187,10615007,1.85775E+11,17501,17250,17062,17990,17300,17725
فارس,13920818,20131109,3498,29636929,5.2532E+11,17725,17550,17250,17800,17800,17116
فارس,13920815,20131106,545,7350299,1.25863E+11,17116,17125,17000,17125,17124,16467
فارس,13920814,20131105,1213,8168779,1.34512E+11,16467,16567,16005,16567,16005,15930
فارس,13920813,20131104,1942,14257244,2.27116E+11,15930,15790,15351,16391,15351,15822
فارس,13920812,20131103,1991,17844198,2.82327E+11,15822,15650,15440,15858,15577,15249
فارس,13920811,20131102,2249,16748746,2.554E+11,15249,15282,14900,15282,15282,14695
فارس,13920808,20131030,492,4425753,66005393605,14695,14946,14700,14946,14799,14372
فارس,13920807,20131029,1353,10019493,1.43997E+11,14372,14469,13999,14479,14000,13923
فارس,13920806,20131028,1616,10600411,1.47588E+11,13923,13930,13580,14190,13802,14079
فارس,13920805,20131027,1987,7342146,1.03318E+11,14079,14058,14058,14500,14299,14643
فارس,13920804,20131026,5028,14977108,2.19315E+11,14643,14450,14450,15080,15052,15090
فارس,13920801,20131023,0,0,0,15090,15250,0,0,0,15163
فارس,13920730,20131022,0,0,0,15163,15250,0,0,0,15163
فارس,13920729,20131021,0,0,0,15163,15250,0,0,0,15163
فارس,13920728,20131020,3324,30570752,4.63538E+11,15163,15250,15088,15400,15120,15716
فارس,13920727,20131019,4958,20579555,3.23427E+11,15716,15070,15000,16157,16000,15541
فارس,13920723,20131015,2977,27617372,4.29207E+11,15541,15571,15101,15571,15133,14973
فارس,13920722,20131014,3845,31201990,4.67184E+11,14973,14998,14450,15133,14555,14551
فارس,13920721,20131013,4221,71097309,1.03457E+12,14551,14553,14423,14553,14553,13994
فارس,13920720,20131012,91,1682364,24264735972,13994,14423,14423,14423,14423,13869
فارس,13920717,20131009,521,6299052,87857347602,13869,13971,13751,13971,13899,13434
فارس,13920716,20131008,905,12755637,1.71363E+11,13434,13435,13100,13435,13435,12919
فارس,13920715,20131007,997,8754115,1.13098E+11,12919,13043,12506,13043,12697,12542
فارس,13920714,20131006,1523,10387521,1.3028E+11,12542,12600,12340,12690,12690,12692
فارس,13920713,20131005,1958,12224058,1.55148E+11,12692,12530,12491,12990,12950,13011
فارس,13920710,20131002,2064,10346135,1.34614E+11,13011,12988,12801,13298,13000,12815
فارس,13920709,20131001,2563,19946636,2.55612E+11,12815,12913,12303,12913,12550,12417
فارس,13920708,20130930,2740,39028743,4.84601E+11,12417,12483,12200,12483,12250,12003
فارس,13920707,20130929,326,9915235,1.19013E+11,12003,12003,12003,12003,12003,11542
فارس,13920706,20130928,70,1292188,15402880960,11542,11920,11920,11920,11920,11462
فارس,13920703,20130925,930,10627432,1.21807E+11,11462,11573,11129,11573,11350,11128
فارس,13920702,20130924,1589,26605760,2.96059E+11,11128,11138,10925,11138,11138,10710
فارس,13920701,20130923,347,3401744,37159392139,10710,10951,10699,10951,10730,10530
فارس,13920631,20130922,1932,25905626,2.72791E+11,10530,10614,10284,10700,10700,10712
فارس,13920630,20130921,179,4535775,49326553125,10712,10875,10875,10875,10875,10457
فارس,13920627,20130918,277,7090006,74274902856,10457,10476,10476,10476,10476,10074
فارس,13920626,20130917,522,5140778,52370260937,10074,10211,9900,10211,9900,9819
فارس,13920625,20130916,488,3875988,38016080524,9819,9830,9652,9917,9720,9830
فارس,13920624,20130915,796,7454742,73279761521,9830,9720,9720,9916,9750,9569
فارس,13920623,20130914,669,3078556,29677995956,9569,9760,9364,9798,9663,9518
فارس,13920620,20130911,865,10183867,96934152091,9518,9519,9452,9519,9519,9153
فارس,13920619,20130910,561,5415193,50082955311,9153,9252,9130,9252,9130,8897
فارس,13920618,20130909,262,1669020,15076834480,8897,8916,8916,9100,9050,8857
فارس,13920617,20130908,307,1445168,13012824569,8857,9048,8851,9050,8899,8822
فارس,13920616,20130907,378,1733860,15350694057,8822,8813,8602,9090,8602,8812
فارس,13920613,20130904,1048,16465858,1.45103E+11,8812,8782,8782,9099,9099,9147
فارس,13920612,20130903,513,3719282,34240046039,9147,9272,9001,9351,9350,9088
فارس,13920610,20130901,503,9519926,86514338494,9088,9091,8833,9091,9078,8742
فارس,13920609,20130831,296,1658130,14699882983,8742,8950,8726,8980,8726,8707
فارس,13920606,20130828,924,13362506,1.16349E+11,8707,8720,8690,8869,8700,9052
فارس,13920605,20130827,768,9960360,90163961665,9052,8900,8880,9260,9200,9020
فارس,13920604,20130826,867,9362683,84449834632,9020,9150,8853,9199,8900,8975
فارس,13920603,20130825,735,9053940,81261131925,8975,8920,8900,9040,9040,9077
فارس,13920602,20130824,536,5696162,51676985377,9077,9000,8970,9199,9100,9092
فارس,13920530,20130821,453,4658628,42274247802,9092,9100,8935,9200,9037,9122
فارس,13920529,20130820,572,3379022,30315021686,9122,9029,8880,9250,9250,9248
فارس,13920528,20130819,533,4008184,36908352546,9248,9219,9130,9399,9250,9295
فارس,13920527,20130818,596,3984045,36452528444,9295,9151,9086,9378,9378,9463
فارس,13920526,20130817,1046,16548816,1.56607E+11,9463,9350,9330,9473,9473,9109
فارس,13920523,20130814,0,0,0,9109,9064,0,0,0,9109
فارس,13920522,20130813,923,7818385,71215236033,9109,9064,9021,9450,9355,9396
فارس,13920521,20130812,1158,12211486,1.1474E+11,9396,9350,9290,9569,9370,9321
فارس,13920520,20130811,1251,9350627,87160077842,9321,9365,9150,9372,9285,9012
فارس,13920516,20130807,1579,12460440,1.12294E+11,9012,8998,8902,9300,9200,8986
فارس,13920515,20130806,1462,15166794,1.36286E+11,8986,9012,8870,9012,8990,8666
فارس,13920514,20130805,492,6722424,58456206202,8666,8725,8533,8725,8533,8390
فارس,13920513,20130804,1262,15395336,1.29169E+11,8390,8452,8321,8510,8402,8603
فارس,13920512,20130803,2248,20476274,1.76163E+11,8603,8512,8509,8850,8850,8863
فارس,13920509,20130731,2337,15634029,1.38557E+11,8863,8790,8700,9098,8810,8860
فارس,13920507,20130729,2061,31372446,2.77944E+11,8860,8890,8700,9000,8700,10180
فارس,13920506,20130728,0,0,0,10180,10144,0,0,0,10180
فارس,13920505,20130727,0,0,0,10180,10144,0,0,0,10180
فارس,13920502,20130724,0,0,0,10180,10144,0,0,0,10180
فارس,13920501,20130723,0,0,0,10180,10144,0,0,0,10180
فارس,13920431,20130722,0,0,0,10180,10144,0,0,0,10180
فارس,13920430,20130721,0,0,0,10180,10144,0,0,0,10180
فارس,13920429,20130720,0,0,0,10180,10144,0,0,0,10180
فارس,13920426,20130717,0,0,0,10180,10144,0,0,0,10180
فارس,13920425,20130716,0,0,0,10180,10144,0,0,0,10180
فارس,13920424,20130715,0,0,0,10180,10144,0,0,0,10180
فارس,13920423,20130714,0,0,0,10180,10144,0,0,0,10180
فارس,13920422,20130713,0,0,0,10180,10144,0,0,0,10180
فارس,13920419,20130710,0,0,0,10180,10144,0,0,0,10180
فارس,13920418,20130709,1464,11155213,1.13564E+11,10180,10144,10054,10390,10300,10405
فارس,13920417,20130708,1261,8871000,92299125530,10405,10251,10240,10580,10580,10515
فارس,13920416,20130707,3688,36665305,3.8553E+11,10515,10565,10159,10565,10565,10159
فارس,13920415,20130706,1276,13072342,1.32797E+11,10159,10212,9880,10212,9900,9820
فارس,13920412,20130703,2297,15485412,1.52071E+11,9820,9773,9711,9949,9750,9879
فارس,13920411,20130702,1234,7584617,74928452029,9879,9797,9740,10057,10052,10103
فارس,13920410,20130701,1834,11851191,1.19736E+11,10103,10029,9862,10300,9950,9933
فارس,13920409,20130630,1828,14371785,1.42753E+11,9933,9950,9750,10010,9950,9916
فارس,13920408,20130629,1549,10238979,1.01526E+11,9916,9850,9770,10020,9870,9675
فارس,13920405,20130626,1325,9151196,88538161290,9675,9717,9412,9717,9475,9344
فارس,13920404,20130625,944,4742291,44197583957,9344,9370,9251,9450,9401,9387
فارس,13920402,20130623,1205,7689130,72177021730,9387,9290,9208,9500,9208,9433
فارس,13920401,20130622,2031,18811507,1.7744E+11,9433,9365,9365,9821,9821,9755
فارس,13920329,20130619,1503,9869644,96280949256,9755,9718,9700,9870,9761,9801
فارس,13920328,20130618,1592,12601329,1.23504E+11,9801,9768,9740,9938,9900,9913
فارس,13920327,20130617,1660,12362082,1.22541E+11,9913,9860,9750,10005,10000,9979
فارس,13920326,20130616,2421,29804682,2.97416E+11,9979,9989,9752,10002,10002,9618
فارس,13920325,20130615,372,3275925,32201588090,9618,9830,9800,9830,9830,9452
فارس,13920322,20130612,2253,16370437,1.54728E+11,9452,9448,9351,9598,9598,9619
فارس,13920321,20130611,2704,12663180,1.21801E+11,9619,9560,9530,9900,9776,9772
فارس,13920320,20130610,3455,18502757,1.80809E+11,9772,9660,9611,9997,9700,9963
فارس,13920319,20130609,2860,18789866,1.87206E+11,9963,9845,9845,10250,10250,10255
فارس,13920318,20130608,2722,23856349,2.44641E+11,10255,10260,10059,10370,10370,10083
فارس,13920313,20130603,3301,32980495,3.32548E+11,10083,10210,9777,10210,9860,9818
فارس,13920312,20130602,2779,21119559,2.0735E+11,9818,9817,9670,9950,9670,9933
فارس,13920311,20130601,2324,25834272,2.56616E+11,9933,9730,9730,10400,10140,10135
فارس,13920308,20130529,2550,29467222,2.9864E+11,10135,10151,9905,10151,9905,9761
فارس,13920307,20130528,3413,32906750,3.21203E+11,9761,9843,9600,9843,9700,9465
فارس,13920306,20130527,491,11151713,1.05551E+11,9465,9465,9465,9465,9465,9101
فارس,13920305,20130526,137,1639309,15379997038,9101,9382,9382,9382,9382,9022
فارس,13920304,20130525,320,2253471,20868406595,9022,9274,9151,9274,9200,8918
فارس,13920301,20130522,2135,11716805,1.04496E+11,8918,9140,8600,9187,8700,8943
فارس,13920231,20130521,3206,22660069,2.02654E+11,8943,8954,8874,9100,9002,9243
فارس,13920230,20130520,3029,16182852,1.49577E+11,9243,9151,9121,9398,9200,9227
فارس,13920229,20130519,5327,63548067,5.86387E+11,9227,9450,9201,9479,9201,9584
فارس,13920228,20130518,516,5793642,55027107205,9584,9491,9491,9590,9511,9886
فارس,13920225,20130515,4805,44506577,4.40003E+11,9886,9690,9400,10124,9930,9735
فارس,13920224,20130514,3501,35654854,3.47083E+11,9735,9709,9690,10000,9989,10093
فارس,13920223,20130513,4206,39811901,4.0182E+11,10093,10000,9820,10207,9900,9815
فارس,13920222,20130512,4753,67650444,6.63999E+11,9815,9831,9550,9831,9831,9453
فارس,13920221,20130511,5708,48991087,4.63125E+11,9453,9687,9104,9687,9299,9315
فارس,13920218,20130508,13128,186234243,1.73485E+12,9315,9171,9100,9353,9353,8994
فارس,13920217,20130507,243,9446411,84961020534,8994,8994,8994,8994,8994,8649
فارس,13920216,20130506,237,8837712,76437371088,8649,8649,8649,8649,8649,8317
فارس,13920215,20130505,106,686204,5913019868,8317,8617,8617,8617,8617,8286
فارس,13920214,20130504,124,664311,5704438557,8286,8587,8587,8587,8587,8257
فارس,13920211,20130501,82,778980,6661057980,8257,8551,8551,8551,8551,8223
فارس,13920210,20130430,107,590511,5033515764,8223,8524,8524,8524,8524,8197
فارس,13920209,20130429,65,369499,3143697492,8197,8508,8508,8508,8508,8181
فارس,13920208,20130428,119,1224586,10350200872,8181,8452,8452,8452,8452,8127
فارس,13920207,20130427,107,490978,4138944540,8127,8430,8430,8430,8430,8106
فارس,13920204,20130424,154,1200750,10057482000,8106,8376,8376,8376,8376,8054
فارس,13920203,20130423,164,1184636,9859725428,8054,8323,8323,8323,8323,8003
فارس,13920202,20130422,890,10496140,83996412783,8003,8021,7903,8021,7950,7713
فارس,13920201,20130421,4884,36871260,2.84392E+11,7713,7840,7520,7849,7609,7754
فارس,13920131,20130420,5599,30366404,2.35468E+11,7754,7604,7560,7940,7900,7788
فارس,13920128,20130417,8176,79684517,6.20596E+11,7788,7800,7680,7800,7700,7500
فارس,13920127,20130416,1,1400000,10500000000,7500,7500,7500,7500,7500,1000
فارس,13920126,20130415,0,0,0,1000,1000,0,0,0,1000
فارس,13920124,20130413,0,0,0,1000,1000,0,0,0,1000
فارس,13920121,20130410,0,0,0,1000,1000,0,0,0,1000
فارس,13920120,20130409,0,0,0,1000,1000,0,0,0,1000
فارس,13920119,20130408,0,0,0,1000,1000,0,0,0,1000
فارس,13920118,20130407,0,0,0,1000,1000,0,0,0,1000
فارس,13920117,20130406,0,0,0,1000,1000,0,0,0,1000
فارس,13920114,20130403,0,0,0,1000,1000,0,0,0,1000
فارس,13920111,20130331,0,0,0,1000,1000,0,0,0,1000
فارس,13920110,20130330,0,0,0,1000,1000,0,0,0,1000
فارس,13920107,20130327,0,0,0,1000,1000,0,0,0,1000
فارس,13920106,20130326,0,0,0,1000,1000,0,0,0,1000
فارس,13920105,20130325,0,0,0,1000,1000,0,0,0,1000
فارس,13911228,20130318,0,0,0,1000,1000,0,0,9950,1000
فارس,13911227,20130317,0,0,0,1000,1000,0,0,0,1000
فارس,13911226,20130316,0,0,0,1000,1000,0,0,0,1000
فارس,13911223,20130313,0,0,0,1000,1000,0,0,0,1000
فارس,13911222,20130312,0,0,0,1000,1000,0,0,0,1000
فارس,13911221,20130311,0,0,0,1000,1000,0,0,0,1000
فارس,13911220,20130310,0,0,0,1000,1000,0,0,0,0
